Campaign,Negative keyword,Match type
C1-Rya-AR-KSA,طيران الرياض,Phrase
C1-Rya-AR-KSA,تطبيق طيران الرياض,Phrase
C1-Rya-AR-KSA,السعودية للطيران,Phrase
C1-Rya-AR-KSA,طيران ناس,Phrase
C1-Rya-AR-KSA,طيران أديل,Phrase
C1-Rya-AR-KSA,فلاي,Phrase
C1-Rya-AR-KSA,اليمنية,Phrase
C1-Rya-AR-KSA,تاركو,Phrase
C1-Rya-AR-KSA,اجنحة الشام,Phrase
C1-Rya-AR-KSA,خطوط البحرين,Phrase
C1-Rya-AR-KSA,طيران قطر,Phrase
C1-Rya-AR-KSA,مقديشو,Phrase
C1-Rya-AR-KSA,بورتسودان,Phrase
C1-Rya-AR-KSA,الخرطوم,Phrase
C1-Rya-AR-KSA,عدن,Phrase
C1-Rya-AR-KSA,اليمن,Phrase
C1-Rya-AR-KSA,القاهرة جدة,Phrase
C1-Rya-AR-KSA,جدة القاهرة,Phrase
C1-Rya-AR-KSA,حائل,Phrase
C1-Rya-AR-KSA,الدوادمي,Phrase
C1-Rya-AR-KSA,فنادق مكة,Phrase
C1-Rya-AR-KSA,فنادق مكه,Phrase
C1-Rya-AR-KSA,فندق في مكة,Phrase
C1-Rya-AR-KSA,الحرم,Phrase
C1-Rya-AR-KSA,مشهد,Phrase
C1-Rya-AR-KSA,الامام الرضا,Phrase
C1-Rya-AR-KSA,كروز,Phrase
C1-Rya-AR-KSA,سفر بحري,Phrase
C1-Rya-AR-KSA,ارويا كروز,Phrase
C1-Rya-AR-KSA,كوكل فلايت,Phrase
C1-Rya-AR-KSA,قوقل فلايت,Phrase
C1-Rya-AR-KSA,d gate,Phrase
C1-Rya-AR-KSA,شركة ركسون,Phrase
C1-Rya-AR-KSA,استعلام عن حجز,Phrase
C1-Rya-AR-KSA,رقم الحجز,Phrase
C1-Rya-AR-KSA,سعر التذكره,Phrase
C1-Rya-AR-KSA,جدول طيران اور,Phrase
