Campaign,Ad group,Keyword,Match type,Final URL
C1-Rya-AR-KSA,المجموعة الإعلانية رقم 1,مساعد سفر ذكي,Phrase,https://gotripza.com/ar/rya
C1-Rya-AR-KSA,المجموعة الإعلانية رقم 1,مخطط رحلات,Phrase,https://gotripza.com/ar/plan
C1-Rya-AR-KSA,المجموعة الإعلانية رقم 1,تخطيط رحلة,Phrase,https://gotripza.com/ar/plan
C1-Rya-AR-KSA,المجموعة الإعلانية رقم 1,خطة سفر,Phrase,https://gotripza.com/ar/plan
C1-Rya-AR-KSA,المجموعة الإعلانية رقم 1,جدول سياحي,Phrase,https://gotripza.com/ar/plan
C1-Rya-AR-KSA,المجموعة الإعلانية رقم 1,تطبيق سفر ذكي,Phrase,https://gotripza.com/ar/rya
C1-Rya-AR-KSA,المجموعة الإعلانية رقم 1,مساعد سفر عربي,Phrase,https://gotripza.com/ar/rya
C1-Rya-AR-KSA,المجموعة الإعلانية رقم 1,ريا مساعد سفر,Phrase,https://gotripza.com/ar/rya
C1-Rya-AR-KSA,المجموعة الإعلانية رقم 1,حساب ميزانية السفر,Phrase,https://gotripza.com/ar/plan
C1-Rya-AR-KSA,المجموعة الإعلانية رقم 1,مساعدة في السفر,Phrase,https://gotripza.com/ar/rya
C1-Rya-AR-KSA,المجموعة الإعلانية رقم 1,تخطيط رحلة عائلية,Phrase,https://gotripza.com/ar/plan
C1-Rya-AR-KSA,المجموعة الإعلانية رقم 1,برنامج سفر ذكي,Phrase,https://gotripza.com/ar/rya
C1-Rya-AR-KSA,المجموعة الإعلانية رقم 1,اسأل عن السفر,Phrase,https://gotripza.com/ar/rya
C1-Rya-AR-KSA,المجموعة الإعلانية رقم 1,مساعد سفر ذكي,Exact,https://gotripza.com/ar/rya
C1-Rya-AR-KSA,المجموعة الإعلانية رقم 1,مخطط رحلات,Exact,https://gotripza.com/ar/plan
C1-Rya-AR-KSA,المجموعة الإعلانية رقم 1,تخطيط رحلة,Exact,https://gotripza.com/ar/plan
C1-Rya-AR-KSA,المجموعة الإعلانية رقم 1,خطة سفر,Exact,https://gotripza.com/ar/plan
C1-Rya-AR-KSA,المجموعة الإعلانية رقم 1,جدول سياحي,Exact,https://gotripza.com/ar/plan
C1-Rya-AR-KSA,المجموعة الإعلانية رقم 1,تطبيق سفر ذكي,Exact,https://gotripza.com/ar/rya
C1-Rya-AR-KSA,المجموعة الإعلانية رقم 1,Rya by GoTripza,Exact,https://gotripza.com/ar/rya
C1-Rya-AR-KSA,المجموعة الإعلانية رقم 1,ريا,Exact,https://gotripza.com/ar/rya
